segmentor,derainer,severity,version,n,mean_miou,median_miou,std_miou,min_miou,max_miou
mseg,drsformer,heavy,v1,50,0.629366454956626,0.6349536718934956,0.07708632644131336,0.4192377248485297,0.7789211980444057
mseg,drsformer,heavy,v2,50,0.6226834481216857,0.6296248735762557,0.08182927729407631,0.4152538149639494,0.7862067860828884
mseg,drsformer,heavy,v3,50,0.6273101327352899,0.6311092528664971,0.08061358788334927,0.39413756109642895,0.7787221846693695
mseg,drsformer,light,v1,50,0.7564131299790172,0.7628817270978803,0.08187372296968705,0.5599742482103766,0.9448025847765198
mseg,drsformer,light,v2,50,0.7546007719579486,0.7520319930435685,0.07509307415975913,0.5626650648580299,0.9447968075538484
mseg,drsformer,light,v3,50,0.7473584647318429,0.7438642423800407,0.08155548164340068,0.5296873958613839,0.9422310078952396
mseg,drsformer,medium,v1,50,0.6896082173224287,0.6981971637148605,0.08889907133458308,0.48473622264109273,0.8586021356373144
mseg,drsformer,medium,v2,50,0.6874740032113096,0.6895666632736852,0.09132497854449677,0.46537599017462267,0.8702474689492552
mseg,drsformer,medium,v3,50,0.6872354077333932,0.7037605425219206,0.08532196814209148,0.48884866984656766,0.8660776595435299
mseg,idt,heavy,v1,50,0.684083495233862,0.678537663209656,0.08407362444626683,0.5218681466747699,0.8565953889605995
mseg,idt,heavy,v2,50,0.6886491491429152,0.6847213344351913,0.07547192520603589,0.5490757944704842,0.8783696543221085
mseg,idt,heavy,v3,50,0.6821560879764328,0.679331413516836,0.08204872306604703,0.5067766382598347,0.87271145235231
mseg,idt,light,v1,50,0.8414132757531622,0.8472587947089153,0.06856516352085698,0.6362906967258442,0.9622505445409595
mseg,idt,light,v2,50,0.8467685664403362,0.860746146936351,0.06805809205992783,0.6176709559465503,0.9657314891099456
mseg,idt,light,v3,50,0.8443831114781568,0.8573138677141523,0.06191740029627177,0.6780927835470594,0.964587469327485
mseg,idt,medium,v1,50,0.7665787846863608,0.7708834468350587,0.08195223858860455,0.5605520952425233,0.926640573279306
mseg,idt,medium,v2,50,0.7611966409814734,0.7573899618285687,0.08966585329680812,0.4541278008365048,0.924532917324576
mseg,idt,medium,v3,50,0.7617516904914678,0.7570579345008206,0.08802279122104635,0.523679856004041,0.9240651277406209
mseg,nerdrain,heavy,v1,50,0.722199572352864,0.7315629454600396,0.07291562078129836,0.5665388520127776,0.8898866390990701
mseg,nerdrain,heavy,v2,50,0.7252557305033084,0.7370578637817988,0.07115639418420887,0.5380015307036801,0.8699368820496607
mseg,nerdrain,heavy,v3,50,0.7245447001286288,0.7230943136582999,0.06488192971190726,0.5388144486572842,0.8837510115909025
mseg,nerdrain,light,v1,50,0.7873856559710737,0.781650101033086,0.08095118192402757,0.5393260220186236,0.946860983643625
mseg,nerdrain,light,v2,50,0.781351753782822,0.7765962502833488,0.07859708571519733,0.6022464214358569,0.9445195458043201
mseg,nerdrain,light,v3,50,0.7805719375685795,0.7788959873762473,0.07996978282301313,0.5889611587135917,0.9473584291006671
mseg,nerdrain,medium,v1,50,0.7708033716609354,0.7774980898895434,0.0917300019368797,0.5914435021158793,0.9750400904024321
mseg,nerdrain,medium,v2,50,0.7689940124904362,0.7715604093700834,0.09520566920334,0.5192369129371908,0.9730124764992756
mseg,nerdrain,medium,v3,50,0.7676968906276508,0.7673152944653405,0.09588620092859766,0.5404269348611218,0.973266554950617
mseg,restormer,heavy,v1,50,0.6691658589233883,0.6764971153330559,0.08425002384636064,0.4654290044183131,0.8186815919044422
mseg,restormer,heavy,v2,50,0.6733830302954847,0.6753774036410467,0.09024480254955972,0.43089037675642616,0.8406644040528646
mseg,restormer,heavy,v3,50,0.6771201799998243,0.6800627743541543,0.08443134824560247,0.46955668057130223,0.8118244205006939
mseg,restormer,light,v1,50,0.7605385857337567,0.7644514568910787,0.0858778683367611,0.5088857014049406,0.9410824325318908
mseg,restormer,light,v2,50,0.7572117231045218,0.760418838186957,0.08054850846282746,0.5486480140397916,0.940535015172716
mseg,restormer,light,v3,50,0.7566439778655435,0.7632021945710378,0.08376834268225124,0.560802338809796,0.9363648869142921
mseg,restormer,medium,v1,50,0.718012347026584,0.7233922075412846,0.08870826577199947,0.485036447698543,0.8861482813122501
mseg,restormer,medium,v2,50,0.7161590835262,0.7214646482509413,0.08460409626103692,0.509987878512605,0.893961440671167
mseg,restormer,medium,v3,50,0.7187420817605792,0.735854486276619,0.09242796470145342,0.4266906112624353,0.888140714986712
mseg,udrs2former,heavy,v1,50,0.6887675221937897,0.6969057326864131,0.08977766801875393,0.49077552297928984,0.9103702355920441
mseg,udrs2former,heavy,v2,50,0.6873727447151252,0.6882941812817505,0.093727478411903,0.48991934494152245,0.9193369398001068
mseg,udrs2former,heavy,v3,50,0.68983511879592,0.693116185313512,0.08530829036636621,0.5234167711407218,0.9049968864223001
mseg,udrs2former,light,v1,50,0.7990430709244252,0.8122294980818705,0.08345713606990177,0.5345190599806913,0.9305299707870609
mseg,udrs2former,light,v2,50,0.798516092757895,0.7994275208558739,0.07194260027569256,0.5932178555903586,0.9397723382657374
mseg,udrs2former,light,v3,50,0.7959720190169578,0.798465530942606,0.07188008862399564,0.564155165470456,0.9342895053383957
mseg,udrs2former,medium,v1,50,0.742160410538657,0.7511446440294517,0.09165636349417812,0.5779618112546244,0.9234135096336114
mseg,udrs2former,medium,v2,50,0.7385965980334325,0.7469847264288969,0.09030885513587326,0.5438223800373647,0.9279956304597534
mseg,udrs2former,medium,v3,50,0.7448741120327728,0.7577132849684223,0.09245680568649149,0.4821221531979914,0.9267285014927571
