segmentor,input_name,expected_images,actual_masks,complete,input_dir,output_dir
mask2former,clean,50,50,True,/path/to/project/cityscapes_subset_50/aachen,/path/to/project/segmentation_outputs/mask2former/clean
mask2former,drsformer_rain_heavy_1,50,50,True,/path/to/project/derain_outputs/drsformer/rain_heavy_1/Deraining,/path/to/project/segmentation_outputs/mask2former/drsformer_rain_heavy_1
mask2former,drsformer_rain_heavy_2,50,50,True,/path/to/project/derain_outputs/drsformer/rain_heavy_2/Deraining,/path/to/project/segmentation_outputs/mask2former/drsformer_rain_heavy_2
mask2former,drsformer_rain_heavy_3,50,50,True,/path/to/project/derain_outputs/drsformer/rain_heavy_3/Deraining,/path/to/project/segmentation_outputs/mask2former/drsformer_rain_heavy_3
mask2former,drsformer_rain_light_1,50,50,True,/path/to/project/derain_outputs/drsformer/rain_light_1/Deraining,/path/to/project/segmentation_outputs/mask2former/drsformer_rain_light_1
mask2former,drsformer_rain_light_2,50,50,True,/path/to/project/derain_outputs/drsformer/rain_light_2/Deraining,/path/to/project/segmentation_outputs/mask2former/drsformer_rain_light_2
mask2former,drsformer_rain_light_3,50,50,True,/path/to/project/derain_outputs/drsformer/rain_light_3/Deraining,/path/to/project/segmentation_outputs/mask2former/drsformer_rain_light_3
mask2former,drsformer_rain_medium_1,50,50,True,/path/to/project/derain_outputs/drsformer/rain_medium_1/Deraining,/path/to/project/segmentation_outputs/mask2former/drsformer_rain_medium_1
mask2former,drsformer_rain_medium_2,50,50,True,/path/to/project/derain_outputs/drsformer/rain_medium_2/Deraining,/path/to/project/segmentation_outputs/mask2former/drsformer_rain_medium_2
mask2former,drsformer_rain_medium_3,50,50,True,/path/to/project/derain_outputs/drsformer/rain_medium_3/Deraining,/path/to/project/segmentation_outputs/mask2former/drsformer_rain_medium_3
mask2former,idt_rain_heavy_1,50,50,True,/path/to/project/derain_outputs/idt/rain_heavy_1,/path/to/project/segmentation_outputs/mask2former/idt_rain_heavy_1
mask2former,idt_rain_heavy_2,50,50,True,/path/to/project/derain_outputs/idt/rain_heavy_2,/path/to/project/segmentation_outputs/mask2former/idt_rain_heavy_2
mask2former,idt_rain_heavy_3,50,50,True,/path/to/project/derain_outputs/idt/rain_heavy_3,/path/to/project/segmentation_outputs/mask2former/idt_rain_heavy_3
mask2former,idt_rain_light_1,50,50,True,/path/to/project/derain_outputs/idt/rain_light_1,/path/to/project/segmentation_outputs/mask2former/idt_rain_light_1
mask2former,idt_rain_light_2,50,50,True,/path/to/project/derain_outputs/idt/rain_light_2,/path/to/project/segmentation_outputs/mask2former/idt_rain_light_2
mask2former,idt_rain_light_3,50,50,True,/path/to/project/derain_outputs/idt/rain_light_3,/path/to/project/segmentation_outputs/mask2former/idt_rain_light_3
mask2former,idt_rain_medium_1,50,50,True,/path/to/project/derain_outputs/idt/rain_medium_1,/path/to/project/segmentation_outputs/mask2former/idt_rain_medium_1
mask2former,idt_rain_medium_2,50,50,True,/path/to/project/derain_outputs/idt/rain_medium_2,/path/to/project/segmentation_outputs/mask2former/idt_rain_medium_2
mask2former,idt_rain_medium_3,50,50,True,/path/to/project/derain_outputs/idt/rain_medium_3,/path/to/project/segmentation_outputs/mask2former/idt_rain_medium_3
mask2former,nerdrain_rain_heavy_1,50,50,True,/path/to/project/derain_outputs/nerdrain/rain_heavy_1,/path/to/project/segmentation_outputs/mask2former/nerdrain_rain_heavy_1
mask2former,nerdrain_rain_heavy_2,50,50,True,/path/to/project/derain_outputs/nerdrain/rain_heavy_2,/path/to/project/segmentation_outputs/mask2former/nerdrain_rain_heavy_2
mask2former,nerdrain_rain_heavy_3,50,50,True,/path/to/project/derain_outputs/nerdrain/rain_heavy_3,/path/to/project/segmentation_outputs/mask2former/nerdrain_rain_heavy_3
mask2former,nerdrain_rain_light_1,50,50,True,/path/to/project/derain_outputs/nerdrain/rain_light_1,/path/to/project/segmentation_outputs/mask2former/nerdrain_rain_light_1
mask2former,nerdrain_rain_light_2,50,50,True,/path/to/project/derain_outputs/nerdrain/rain_light_2,/path/to/project/segmentation_outputs/mask2former/nerdrain_rain_light_2
mask2former,nerdrain_rain_light_3,50,50,True,/path/to/project/derain_outputs/nerdrain/rain_light_3,/path/to/project/segmentation_outputs/mask2former/nerdrain_rain_light_3
mask2former,nerdrain_rain_medium_1,50,50,True,/path/to/project/derain_outputs/nerdrain/rain_medium_1,/path/to/project/segmentation_outputs/mask2former/nerdrain_rain_medium_1
mask2former,nerdrain_rain_medium_2,50,50,True,/path/to/project/derain_outputs/nerdrain/rain_medium_2,/path/to/project/segmentation_outputs/mask2former/nerdrain_rain_medium_2
mask2former,nerdrain_rain_medium_3,50,50,True,/path/to/project/derain_outputs/nerdrain/rain_medium_3,/path/to/project/segmentation_outputs/mask2former/nerdrain_rain_medium_3
mask2former,rain_heavy_1,50,50,True,/path/to/project/rain-rendering/data/output/diff_h_140_v1/leftImg8bit/train/aachen/rain/140mm/rainy_image,/path/to/project/segmentation_outputs/mask2former/rain_heavy_1
mask2former,rain_heavy_2,50,50,True,/path/to/project/rain-rendering/data/output/diff_h_140_v2/leftImg8bit/train/aachen/rain/140mm/rainy_image,/path/to/project/segmentation_outputs/mask2former/rain_heavy_2
mask2former,rain_heavy_3,50,50,True,/path/to/project/rain-rendering/data/output/diff_h_140_v3/leftImg8bit/train/aachen/rain/140mm/rainy_image,/path/to/project/segmentation_outputs/mask2former/rain_heavy_3
mask2former,rain_light_1,50,50,True,/path/to/project/rain-rendering/data/output/diff_l_25_v1/leftImg8bit/train/aachen/rain/25mm/rainy_image,/path/to/project/segmentation_outputs/mask2former/rain_light_1
mask2former,rain_light_2,50,50,True,/path/to/project/rain-rendering/data/output/diff_l_25_v2/leftImg8bit/train/aachen/rain/25mm/rainy_image,/path/to/project/segmentation_outputs/mask2former/rain_light_2
mask2former,rain_light_3,50,50,True,/path/to/project/rain-rendering/data/output/diff_l_25_v3/leftImg8bit/train/aachen/rain/25mm/rainy_image,/path/to/project/segmentation_outputs/mask2former/rain_light_3
mask2former,rain_medium_1,50,50,True,/path/to/project/rain-rendering/data/output/diff_m_75_v1/leftImg8bit/train/aachen/rain/75mm/rainy_image,/path/to/project/segmentation_outputs/mask2former/rain_medium_1
mask2former,rain_medium_2,50,50,True,/path/to/project/rain-rendering/data/output/diff_m_75_v2/leftImg8bit/train/aachen/rain/75mm/rainy_image,/path/to/project/segmentation_outputs/mask2former/rain_medium_2
mask2former,rain_medium_3,50,50,True,/path/to/project/rain-rendering/data/output/diff_m_75_v3/leftImg8bit/train/aachen/rain/75mm/rainy_image,/path/to/project/segmentation_outputs/mask2former/rain_medium_3
mask2former,restormer_rain_heavy_1,50,50,True,/path/to/project/restormer_outputs/heavy_v1/Deraining,/path/to/project/segmentation_outputs/mask2former/restormer_rain_heavy_1
mask2former,restormer_rain_heavy_2,50,50,True,/path/to/project/restormer_outputs/heavy_v2/Deraining,/path/to/project/segmentation_outputs/mask2former/restormer_rain_heavy_2
mask2former,restormer_rain_heavy_3,50,50,True,/path/to/project/restormer_outputs/heavy_v3/Deraining,/path/to/project/segmentation_outputs/mask2former/restormer_rain_heavy_3
mask2former,restormer_rain_light_1,50,50,True,/path/to/project/restormer_outputs/light_v1/Deraining,/path/to/project/segmentation_outputs/mask2former/restormer_rain_light_1
mask2former,restormer_rain_light_2,50,50,True,/path/to/project/restormer_outputs/light_v2/Deraining,/path/to/project/segmentation_outputs/mask2former/restormer_rain_light_2
mask2former,restormer_rain_light_3,50,50,True,/path/to/project/restormer_outputs/light_v3/Deraining,/path/to/project/segmentation_outputs/mask2former/restormer_rain_light_3
mask2former,restormer_rain_medium_1,50,50,True,/path/to/project/restormer_outputs/medium_v1/Deraining,/path/to/project/segmentation_outputs/mask2former/restormer_rain_medium_1
mask2former,restormer_rain_medium_2,50,50,True,/path/to/project/restormer_outputs/medium_v2/Deraining,/path/to/project/segmentation_outputs/mask2former/restormer_rain_medium_2
mask2former,restormer_rain_medium_3,50,50,True,/path/to/project/restormer_outputs/medium_v3/Deraining,/path/to/project/segmentation_outputs/mask2former/restormer_rain_medium_3
mseg,clean,50,0,False,/path/to/project/cityscapes_subset_50/aachen,/path/to/project/segmentation_outputs/mseg/clean
mseg,drsformer_rain_heavy_1,50,0,False,/path/to/project/derain_outputs/drsformer/rain_heavy_1/Deraining,/path/to/project/segmentation_outputs/mseg/drsformer_rain_heavy_1
mseg,drsformer_rain_heavy_2,50,0,False,/path/to/project/derain_outputs/drsformer/rain_heavy_2/Deraining,/path/to/project/segmentation_outputs/mseg/drsformer_rain_heavy_2
mseg,drsformer_rain_heavy_3,50,0,False,/path/to/project/derain_outputs/drsformer/rain_heavy_3/Deraining,/path/to/project/segmentation_outputs/mseg/drsformer_rain_heavy_3
mseg,drsformer_rain_light_1,50,0,False,/path/to/project/derain_outputs/drsformer/rain_light_1/Deraining,/path/to/project/segmentation_outputs/mseg/drsformer_rain_light_1
mseg,drsformer_rain_light_2,50,0,False,/path/to/project/derain_outputs/drsformer/rain_light_2/Deraining,/path/to/project/segmentation_outputs/mseg/drsformer_rain_light_2
mseg,drsformer_rain_light_3,50,0,False,/path/to/project/derain_outputs/drsformer/rain_light_3/Deraining,/path/to/project/segmentation_outputs/mseg/drsformer_rain_light_3
mseg,drsformer_rain_medium_1,50,0,False,/path/to/project/derain_outputs/drsformer/rain_medium_1/Deraining,/path/to/project/segmentation_outputs/mseg/drsformer_rain_medium_1
mseg,drsformer_rain_medium_2,50,0,False,/path/to/project/derain_outputs/drsformer/rain_medium_2/Deraining,/path/to/project/segmentation_outputs/mseg/drsformer_rain_medium_2
mseg,drsformer_rain_medium_3,50,0,False,/path/to/project/derain_outputs/drsformer/rain_medium_3/Deraining,/path/to/project/segmentation_outputs/mseg/drsformer_rain_medium_3
mseg,idt_rain_heavy_1,50,0,False,/path/to/project/derain_outputs/idt/rain_heavy_1,/path/to/project/segmentation_outputs/mseg/idt_rain_heavy_1
mseg,idt_rain_heavy_2,50,0,False,/path/to/project/derain_outputs/idt/rain_heavy_2,/path/to/project/segmentation_outputs/mseg/idt_rain_heavy_2
mseg,idt_rain_heavy_3,50,0,False,/path/to/project/derain_outputs/idt/rain_heavy_3,/path/to/project/segmentation_outputs/mseg/idt_rain_heavy_3
mseg,idt_rain_light_1,50,0,False,/path/to/project/derain_outputs/idt/rain_light_1,/path/to/project/segmentation_outputs/mseg/idt_rain_light_1
mseg,idt_rain_light_2,50,0,False,/path/to/project/derain_outputs/idt/rain_light_2,/path/to/project/segmentation_outputs/mseg/idt_rain_light_2
mseg,idt_rain_light_3,50,0,False,/path/to/project/derain_outputs/idt/rain_light_3,/path/to/project/segmentation_outputs/mseg/idt_rain_light_3
mseg,idt_rain_medium_1,50,0,False,/path/to/project/derain_outputs/idt/rain_medium_1,/path/to/project/segmentation_outputs/mseg/idt_rain_medium_1
mseg,idt_rain_medium_2,50,0,False,/path/to/project/derain_outputs/idt/rain_medium_2,/path/to/project/segmentation_outputs/mseg/idt_rain_medium_2
mseg,idt_rain_medium_3,50,0,False,/path/to/project/derain_outputs/idt/rain_medium_3,/path/to/project/segmentation_outputs/mseg/idt_rain_medium_3
mseg,nerdrain_rain_heavy_1,50,0,False,/path/to/project/derain_outputs/nerdrain/rain_heavy_1,/path/to/project/segmentation_outputs/mseg/nerdrain_rain_heavy_1
mseg,nerdrain_rain_heavy_2,50,0,False,/path/to/project/derain_outputs/nerdrain/rain_heavy_2,/path/to/project/segmentation_outputs/mseg/nerdrain_rain_heavy_2
mseg,nerdrain_rain_heavy_3,50,0,False,/path/to/project/derain_outputs/nerdrain/rain_heavy_3,/path/to/project/segmentation_outputs/mseg/nerdrain_rain_heavy_3
mseg,nerdrain_rain_light_1,50,0,False,/path/to/project/derain_outputs/nerdrain/rain_light_1,/path/to/project/segmentation_outputs/mseg/nerdrain_rain_light_1
mseg,nerdrain_rain_light_2,50,0,False,/path/to/project/derain_outputs/nerdrain/rain_light_2,/path/to/project/segmentation_outputs/mseg/nerdrain_rain_light_2
mseg,nerdrain_rain_light_3,50,0,False,/path/to/project/derain_outputs/nerdrain/rain_light_3,/path/to/project/segmentation_outputs/mseg/nerdrain_rain_light_3
mseg,nerdrain_rain_medium_1,50,0,False,/path/to/project/derain_outputs/nerdrain/rain_medium_1,/path/to/project/segmentation_outputs/mseg/nerdrain_rain_medium_1
mseg,nerdrain_rain_medium_2,50,0,False,/path/to/project/derain_outputs/nerdrain/rain_medium_2,/path/to/project/segmentation_outputs/mseg/nerdrain_rain_medium_2
mseg,nerdrain_rain_medium_3,50,0,False,/path/to/project/derain_outputs/nerdrain/rain_medium_3,/path/to/project/segmentation_outputs/mseg/nerdrain_rain_medium_3
mseg,rain_heavy_1,50,0,False,/path/to/project/rain-rendering/data/output/diff_h_140_v1/leftImg8bit/train/aachen/rain/140mm/rainy_image,/path/to/project/segmentation_outputs/mseg/rain_heavy_1
mseg,rain_heavy_2,50,0,False,/path/to/project/rain-rendering/data/output/diff_h_140_v2/leftImg8bit/train/aachen/rain/140mm/rainy_image,/path/to/project/segmentation_outputs/mseg/rain_heavy_2
mseg,rain_heavy_3,50,0,False,/path/to/project/rain-rendering/data/output/diff_h_140_v3/leftImg8bit/train/aachen/rain/140mm/rainy_image,/path/to/project/segmentation_outputs/mseg/rain_heavy_3
mseg,rain_light_1,50,0,False,/path/to/project/rain-rendering/data/output/diff_l_25_v1/leftImg8bit/train/aachen/rain/25mm/rainy_image,/path/to/project/segmentation_outputs/mseg/rain_light_1
mseg,rain_light_2,50,0,False,/path/to/project/rain-rendering/data/output/diff_l_25_v2/leftImg8bit/train/aachen/rain/25mm/rainy_image,/path/to/project/segmentation_outputs/mseg/rain_light_2
mseg,rain_light_3,50,0,False,/path/to/project/rain-rendering/data/output/diff_l_25_v3/leftImg8bit/train/aachen/rain/25mm/rainy_image,/path/to/project/segmentation_outputs/mseg/rain_light_3
mseg,rain_medium_1,50,0,False,/path/to/project/rain-rendering/data/output/diff_m_75_v1/leftImg8bit/train/aachen/rain/75mm/rainy_image,/path/to/project/segmentation_outputs/mseg/rain_medium_1
mseg,rain_medium_2,50,0,False,/path/to/project/rain-rendering/data/output/diff_m_75_v2/leftImg8bit/train/aachen/rain/75mm/rainy_image,/path/to/project/segmentation_outputs/mseg/rain_medium_2
mseg,rain_medium_3,50,0,False,/path/to/project/rain-rendering/data/output/diff_m_75_v3/leftImg8bit/train/aachen/rain/75mm/rainy_image,/path/to/project/segmentation_outputs/mseg/rain_medium_3
mseg,restormer_rain_heavy_1,50,0,False,/path/to/project/restormer_outputs/heavy_v1/Deraining,/path/to/project/segmentation_outputs/mseg/restormer_rain_heavy_1
mseg,restormer_rain_heavy_2,50,0,False,/path/to/project/restormer_outputs/heavy_v2/Deraining,/path/to/project/segmentation_outputs/mseg/restormer_rain_heavy_2
mseg,restormer_rain_heavy_3,50,0,False,/path/to/project/restormer_outputs/heavy_v3/Deraining,/path/to/project/segmentation_outputs/mseg/restormer_rain_heavy_3
mseg,restormer_rain_light_1,50,0,False,/path/to/project/restormer_outputs/light_v1/Deraining,/path/to/project/segmentation_outputs/mseg/restormer_rain_light_1
mseg,restormer_rain_light_2,50,0,False,/path/to/project/restormer_outputs/light_v2/Deraining,/path/to/project/segmentation_outputs/mseg/restormer_rain_light_2
mseg,restormer_rain_light_3,50,0,False,/path/to/project/restormer_outputs/light_v3/Deraining,/path/to/project/segmentation_outputs/mseg/restormer_rain_light_3
mseg,restormer_rain_medium_1,50,0,False,/path/to/project/restormer_outputs/medium_v1/Deraining,/path/to/project/segmentation_outputs/mseg/restormer_rain_medium_1
mseg,restormer_rain_medium_2,50,0,False,/path/to/project/restormer_outputs/medium_v2/Deraining,/path/to/project/segmentation_outputs/mseg/restormer_rain_medium_2
mseg,restormer_rain_medium_3,50,0,False,/path/to/project/restormer_outputs/medium_v3/Deraining,/path/to/project/segmentation_outputs/mseg/restormer_rain_medium_3
oneformer,clean,50,50,True,/path/to/project/cityscapes_subset_50/aachen,/path/to/project/segmentation_outputs/oneformer/clean
oneformer,drsformer_rain_heavy_1,50,50,True,/path/to/project/derain_outputs/drsformer/rain_heavy_1/Deraining,/path/to/project/segmentation_outputs/oneformer/drsformer_rain_heavy_1
oneformer,drsformer_rain_heavy_2,50,50,True,/path/to/project/derain_outputs/drsformer/rain_heavy_2/Deraining,/path/to/project/segmentation_outputs/oneformer/drsformer_rain_heavy_2
oneformer,drsformer_rain_heavy_3,50,50,True,/path/to/project/derain_outputs/drsformer/rain_heavy_3/Deraining,/path/to/project/segmentation_outputs/oneformer/drsformer_rain_heavy_3
oneformer,drsformer_rain_light_1,50,50,True,/path/to/project/derain_outputs/drsformer/rain_light_1/Deraining,/path/to/project/segmentation_outputs/oneformer/drsformer_rain_light_1
oneformer,drsformer_rain_light_2,50,50,True,/path/to/project/derain_outputs/drsformer/rain_light_2/Deraining,/path/to/project/segmentation_outputs/oneformer/drsformer_rain_light_2
oneformer,drsformer_rain_light_3,50,50,True,/path/to/project/derain_outputs/drsformer/rain_light_3/Deraining,/path/to/project/segmentation_outputs/oneformer/drsformer_rain_light_3
oneformer,drsformer_rain_medium_1,50,50,True,/path/to/project/derain_outputs/drsformer/rain_medium_1/Deraining,/path/to/project/segmentation_outputs/oneformer/drsformer_rain_medium_1
oneformer,drsformer_rain_medium_2,50,50,True,/path/to/project/derain_outputs/drsformer/rain_medium_2/Deraining,/path/to/project/segmentation_outputs/oneformer/drsformer_rain_medium_2
oneformer,drsformer_rain_medium_3,50,50,True,/path/to/project/derain_outputs/drsformer/rain_medium_3/Deraining,/path/to/project/segmentation_outputs/oneformer/drsformer_rain_medium_3
oneformer,idt_rain_heavy_1,50,50,True,/path/to/project/derain_outputs/idt/rain_heavy_1,/path/to/project/segmentation_outputs/oneformer/idt_rain_heavy_1
oneformer,idt_rain_heavy_2,50,50,True,/path/to/project/derain_outputs/idt/rain_heavy_2,/path/to/project/segmentation_outputs/oneformer/idt_rain_heavy_2
oneformer,idt_rain_heavy_3,50,50,True,/path/to/project/derain_outputs/idt/rain_heavy_3,/path/to/project/segmentation_outputs/oneformer/idt_rain_heavy_3
oneformer,idt_rain_light_1,50,50,True,/path/to/project/derain_outputs/idt/rain_light_1,/path/to/project/segmentation_outputs/oneformer/idt_rain_light_1
oneformer,idt_rain_light_2,50,50,True,/path/to/project/derain_outputs/idt/rain_light_2,/path/to/project/segmentation_outputs/oneformer/idt_rain_light_2
oneformer,idt_rain_light_3,50,50,True,/path/to/project/derain_outputs/idt/rain_light_3,/path/to/project/segmentation_outputs/oneformer/idt_rain_light_3
oneformer,idt_rain_medium_1,50,50,True,/path/to/project/derain_outputs/idt/rain_medium_1,/path/to/project/segmentation_outputs/oneformer/idt_rain_medium_1
oneformer,idt_rain_medium_2,50,50,True,/path/to/project/derain_outputs/idt/rain_medium_2,/path/to/project/segmentation_outputs/oneformer/idt_rain_medium_2
oneformer,idt_rain_medium_3,50,50,True,/path/to/project/derain_outputs/idt/rain_medium_3,/path/to/project/segmentation_outputs/oneformer/idt_rain_medium_3
oneformer,nerdrain_rain_heavy_1,50,50,True,/path/to/project/derain_outputs/nerdrain/rain_heavy_1,/path/to/project/segmentation_outputs/oneformer/nerdrain_rain_heavy_1
oneformer,nerdrain_rain_heavy_2,50,50,True,/path/to/project/derain_outputs/nerdrain/rain_heavy_2,/path/to/project/segmentation_outputs/oneformer/nerdrain_rain_heavy_2
oneformer,nerdrain_rain_heavy_3,50,50,True,/path/to/project/derain_outputs/nerdrain/rain_heavy_3,/path/to/project/segmentation_outputs/oneformer/nerdrain_rain_heavy_3
oneformer,nerdrain_rain_light_1,50,50,True,/path/to/project/derain_outputs/nerdrain/rain_light_1,/path/to/project/segmentation_outputs/oneformer/nerdrain_rain_light_1
oneformer,nerdrain_rain_light_2,50,50,True,/path/to/project/derain_outputs/nerdrain/rain_light_2,/path/to/project/segmentation_outputs/oneformer/nerdrain_rain_light_2
oneformer,nerdrain_rain_light_3,50,50,True,/path/to/project/derain_outputs/nerdrain/rain_light_3,/path/to/project/segmentation_outputs/oneformer/nerdrain_rain_light_3
oneformer,nerdrain_rain_medium_1,50,50,True,/path/to/project/derain_outputs/nerdrain/rain_medium_1,/path/to/project/segmentation_outputs/oneformer/nerdrain_rain_medium_1
oneformer,nerdrain_rain_medium_2,50,50,True,/path/to/project/derain_outputs/nerdrain/rain_medium_2,/path/to/project/segmentation_outputs/oneformer/nerdrain_rain_medium_2
oneformer,nerdrain_rain_medium_3,50,50,True,/path/to/project/derain_outputs/nerdrain/rain_medium_3,/path/to/project/segmentation_outputs/oneformer/nerdrain_rain_medium_3
oneformer,rain_heavy_1,50,50,True,/path/to/project/rain-rendering/data/output/diff_h_140_v1/leftImg8bit/train/aachen/rain/140mm/rainy_image,/path/to/project/segmentation_outputs/oneformer/rain_heavy_1
oneformer,rain_heavy_2,50,50,True,/path/to/project/rain-rendering/data/output/diff_h_140_v2/leftImg8bit/train/aachen/rain/140mm/rainy_image,/path/to/project/segmentation_outputs/oneformer/rain_heavy_2
oneformer,rain_heavy_3,50,50,True,/path/to/project/rain-rendering/data/output/diff_h_140_v3/leftImg8bit/train/aachen/rain/140mm/rainy_image,/path/to/project/segmentation_outputs/oneformer/rain_heavy_3
oneformer,rain_light_1,50,50,True,/path/to/project/rain-rendering/data/output/diff_l_25_v1/leftImg8bit/train/aachen/rain/25mm/rainy_image,/path/to/project/segmentation_outputs/oneformer/rain_light_1
oneformer,rain_light_2,50,50,True,/path/to/project/rain-rendering/data/output/diff_l_25_v2/leftImg8bit/train/aachen/rain/25mm/rainy_image,/path/to/project/segmentation_outputs/oneformer/rain_light_2
oneformer,rain_light_3,50,50,True,/path/to/project/rain-rendering/data/output/diff_l_25_v3/leftImg8bit/train/aachen/rain/25mm/rainy_image,/path/to/project/segmentation_outputs/oneformer/rain_light_3
oneformer,rain_medium_1,50,50,True,/path/to/project/rain-rendering/data/output/diff_m_75_v1/leftImg8bit/train/aachen/rain/75mm/rainy_image,/path/to/project/segmentation_outputs/oneformer/rain_medium_1
oneformer,rain_medium_2,50,50,True,/path/to/project/rain-rendering/data/output/diff_m_75_v2/leftImg8bit/train/aachen/rain/75mm/rainy_image,/path/to/project/segmentation_outputs/oneformer/rain_medium_2
oneformer,rain_medium_3,50,50,True,/path/to/project/rain-rendering/data/output/diff_m_75_v3/leftImg8bit/train/aachen/rain/75mm/rainy_image,/path/to/project/segmentation_outputs/oneformer/rain_medium_3
oneformer,restormer_rain_heavy_1,50,50,True,/path/to/project/restormer_outputs/heavy_v1/Deraining,/path/to/project/segmentation_outputs/oneformer/restormer_rain_heavy_1
oneformer,restormer_rain_heavy_2,50,50,True,/path/to/project/restormer_outputs/heavy_v2/Deraining,/path/to/project/segmentation_outputs/oneformer/restormer_rain_heavy_2
oneformer,restormer_rain_heavy_3,50,50,True,/path/to/project/restormer_outputs/heavy_v3/Deraining,/path/to/project/segmentation_outputs/oneformer/restormer_rain_heavy_3
oneformer,restormer_rain_light_1,50,50,True,/path/to/project/restormer_outputs/light_v1/Deraining,/path/to/project/segmentation_outputs/oneformer/restormer_rain_light_1
oneformer,restormer_rain_light_2,50,50,True,/path/to/project/restormer_outputs/light_v2/Deraining,/path/to/project/segmentation_outputs/oneformer/restormer_rain_light_2
oneformer,restormer_rain_light_3,50,50,True,/path/to/project/restormer_outputs/light_v3/Deraining,/path/to/project/segmentation_outputs/oneformer/restormer_rain_light_3
oneformer,restormer_rain_medium_1,50,50,True,/path/to/project/restormer_outputs/medium_v1/Deraining,/path/to/project/segmentation_outputs/oneformer/restormer_rain_medium_1
oneformer,restormer_rain_medium_2,50,50,True,/path/to/project/restormer_outputs/medium_v2/Deraining,/path/to/project/segmentation_outputs/oneformer/restormer_rain_medium_2
oneformer,restormer_rain_medium_3,50,50,True,/path/to/project/restormer_outputs/medium_v3/Deraining,/path/to/project/segmentation_outputs/oneformer/restormer_rain_medium_3
segformer,clean,50,50,True,/path/to/project/cityscapes_subset_50/aachen,/path/to/project/segmentation_outputs/segformer/clean
segformer,drsformer_rain_heavy_1,50,50,True,/path/to/project/derain_outputs/drsformer/rain_heavy_1/Deraining,/path/to/project/segmentation_outputs/segformer/drsformer_rain_heavy_1
segformer,drsformer_rain_heavy_2,50,50,True,/path/to/project/derain_outputs/drsformer/rain_heavy_2/Deraining,/path/to/project/segmentation_outputs/segformer/drsformer_rain_heavy_2
segformer,drsformer_rain_heavy_3,50,50,True,/path/to/project/derain_outputs/drsformer/rain_heavy_3/Deraining,/path/to/project/segmentation_outputs/segformer/drsformer_rain_heavy_3
segformer,drsformer_rain_light_1,50,50,True,/path/to/project/derain_outputs/drsformer/rain_light_1/Deraining,/path/to/project/segmentation_outputs/segformer/drsformer_rain_light_1
segformer,drsformer_rain_light_2,50,50,True,/path/to/project/derain_outputs/drsformer/rain_light_2/Deraining,/path/to/project/segmentation_outputs/segformer/drsformer_rain_light_2
segformer,drsformer_rain_light_3,50,50,True,/path/to/project/derain_outputs/drsformer/rain_light_3/Deraining,/path/to/project/segmentation_outputs/segformer/drsformer_rain_light_3
segformer,drsformer_rain_medium_1,50,50,True,/path/to/project/derain_outputs/drsformer/rain_medium_1/Deraining,/path/to/project/segmentation_outputs/segformer/drsformer_rain_medium_1
segformer,drsformer_rain_medium_2,50,50,True,/path/to/project/derain_outputs/drsformer/rain_medium_2/Deraining,/path/to/project/segmentation_outputs/segformer/drsformer_rain_medium_2
segformer,drsformer_rain_medium_3,50,50,True,/path/to/project/derain_outputs/drsformer/rain_medium_3/Deraining,/path/to/project/segmentation_outputs/segformer/drsformer_rain_medium_3
segformer,idt_rain_heavy_1,50,50,True,/path/to/project/derain_outputs/idt/rain_heavy_1,/path/to/project/segmentation_outputs/segformer/idt_rain_heavy_1
segformer,idt_rain_heavy_2,50,50,True,/path/to/project/derain_outputs/idt/rain_heavy_2,/path/to/project/segmentation_outputs/segformer/idt_rain_heavy_2
segformer,idt_rain_heavy_3,50,50,True,/path/to/project/derain_outputs/idt/rain_heavy_3,/path/to/project/segmentation_outputs/segformer/idt_rain_heavy_3
segformer,idt_rain_light_1,50,50,True,/path/to/project/derain_outputs/idt/rain_light_1,/path/to/project/segmentation_outputs/segformer/idt_rain_light_1
segformer,idt_rain_light_2,50,50,True,/path/to/project/derain_outputs/idt/rain_light_2,/path/to/project/segmentation_outputs/segformer/idt_rain_light_2
segformer,idt_rain_light_3,50,50,True,/path/to/project/derain_outputs/idt/rain_light_3,/path/to/project/segmentation_outputs/segformer/idt_rain_light_3
segformer,idt_rain_medium_1,50,50,True,/path/to/project/derain_outputs/idt/rain_medium_1,/path/to/project/segmentation_outputs/segformer/idt_rain_medium_1
segformer,idt_rain_medium_2,50,50,True,/path/to/project/derain_outputs/idt/rain_medium_2,/path/to/project/segmentation_outputs/segformer/idt_rain_medium_2
segformer,idt_rain_medium_3,50,50,True,/path/to/project/derain_outputs/idt/rain_medium_3,/path/to/project/segmentation_outputs/segformer/idt_rain_medium_3
segformer,nerdrain_rain_heavy_1,50,50,True,/path/to/project/derain_outputs/nerdrain/rain_heavy_1,/path/to/project/segmentation_outputs/segformer/nerdrain_rain_heavy_1
segformer,nerdrain_rain_heavy_2,50,50,True,/path/to/project/derain_outputs/nerdrain/rain_heavy_2,/path/to/project/segmentation_outputs/segformer/nerdrain_rain_heavy_2
segformer,nerdrain_rain_heavy_3,50,50,True,/path/to/project/derain_outputs/nerdrain/rain_heavy_3,/path/to/project/segmentation_outputs/segformer/nerdrain_rain_heavy_3
segformer,nerdrain_rain_light_1,50,50,True,/path/to/project/derain_outputs/nerdrain/rain_light_1,/path/to/project/segmentation_outputs/segformer/nerdrain_rain_light_1
segformer,nerdrain_rain_light_2,50,50,True,/path/to/project/derain_outputs/nerdrain/rain_light_2,/path/to/project/segmentation_outputs/segformer/nerdrain_rain_light_2
segformer,nerdrain_rain_light_3,50,50,True,/path/to/project/derain_outputs/nerdrain/rain_light_3,/path/to/project/segmentation_outputs/segformer/nerdrain_rain_light_3
segformer,nerdrain_rain_medium_1,50,50,True,/path/to/project/derain_outputs/nerdrain/rain_medium_1,/path/to/project/segmentation_outputs/segformer/nerdrain_rain_medium_1
segformer,nerdrain_rain_medium_2,50,50,True,/path/to/project/derain_outputs/nerdrain/rain_medium_2,/path/to/project/segmentation_outputs/segformer/nerdrain_rain_medium_2
segformer,nerdrain_rain_medium_3,50,50,True,/path/to/project/derain_outputs/nerdrain/rain_medium_3,/path/to/project/segmentation_outputs/segformer/nerdrain_rain_medium_3
segformer,rain_heavy_1,50,50,True,/path/to/project/rain-rendering/data/output/diff_h_140_v1/leftImg8bit/train/aachen/rain/140mm/rainy_image,/path/to/project/segmentation_outputs/segformer/rain_heavy_1
segformer,rain_heavy_2,50,50,True,/path/to/project/rain-rendering/data/output/diff_h_140_v2/leftImg8bit/train/aachen/rain/140mm/rainy_image,/path/to/project/segmentation_outputs/segformer/rain_heavy_2
segformer,rain_heavy_3,50,50,True,/path/to/project/rain-rendering/data/output/diff_h_140_v3/leftImg8bit/train/aachen/rain/140mm/rainy_image,/path/to/project/segmentation_outputs/segformer/rain_heavy_3
segformer,rain_light_1,50,50,True,/path/to/project/rain-rendering/data/output/diff_l_25_v1/leftImg8bit/train/aachen/rain/25mm/rainy_image,/path/to/project/segmentation_outputs/segformer/rain_light_1
segformer,rain_light_2,50,50,True,/path/to/project/rain-rendering/data/output/diff_l_25_v2/leftImg8bit/train/aachen/rain/25mm/rainy_image,/path/to/project/segmentation_outputs/segformer/rain_light_2
segformer,rain_light_3,50,50,True,/path/to/project/rain-rendering/data/output/diff_l_25_v3/leftImg8bit/train/aachen/rain/25mm/rainy_image,/path/to/project/segmentation_outputs/segformer/rain_light_3
segformer,rain_medium_1,50,50,True,/path/to/project/rain-rendering/data/output/diff_m_75_v1/leftImg8bit/train/aachen/rain/75mm/rainy_image,/path/to/project/segmentation_outputs/segformer/rain_medium_1
segformer,rain_medium_2,50,50,True,/path/to/project/rain-rendering/data/output/diff_m_75_v2/leftImg8bit/train/aachen/rain/75mm/rainy_image,/path/to/project/segmentation_outputs/segformer/rain_medium_2
segformer,rain_medium_3,50,50,True,/path/to/project/rain-rendering/data/output/diff_m_75_v3/leftImg8bit/train/aachen/rain/75mm/rainy_image,/path/to/project/segmentation_outputs/segformer/rain_medium_3
segformer,restormer_rain_heavy_1,50,50,True,/path/to/project/restormer_outputs/heavy_v1/Deraining,/path/to/project/segmentation_outputs/segformer/restormer_rain_heavy_1
segformer,restormer_rain_heavy_2,50,50,True,/path/to/project/restormer_outputs/heavy_v2/Deraining,/path/to/project/segmentation_outputs/segformer/restormer_rain_heavy_2
segformer,restormer_rain_heavy_3,50,50,True,/path/to/project/restormer_outputs/heavy_v3/Deraining,/path/to/project/segmentation_outputs/segformer/restormer_rain_heavy_3
segformer,restormer_rain_light_1,50,50,True,/path/to/project/restormer_outputs/light_v1/Deraining,/path/to/project/segmentation_outputs/segformer/restormer_rain_light_1
segformer,restormer_rain_light_2,50,50,True,/path/to/project/restormer_outputs/light_v2/Deraining,/path/to/project/segmentation_outputs/segformer/restormer_rain_light_2
segformer,restormer_rain_light_3,50,50,True,/path/to/project/restormer_outputs/light_v3/Deraining,/path/to/project/segmentation_outputs/segformer/restormer_rain_light_3
segformer,restormer_rain_medium_1,50,50,True,/path/to/project/restormer_outputs/medium_v1/Deraining,/path/to/project/segmentation_outputs/segformer/restormer_rain_medium_1
segformer,restormer_rain_medium_2,50,50,True,/path/to/project/restormer_outputs/medium_v2/Deraining,/path/to/project/segmentation_outputs/segformer/restormer_rain_medium_2
segformer,restormer_rain_medium_3,50,50,True,/path/to/project/restormer_outputs/medium_v3/Deraining,/path/to/project/segmentation_outputs/segformer/restormer_rain_medium_3
